book,character
The Eye of the World,Abell Cauthon
The Eye of the World,Ackley Farren
The Eye of the World,Adan al’Caar
The Eye of the World,Adora Aybara
The Eye of the World,Aemon al Caar al Thorin
The Eye of the World,Agelmar Jagad
The Eye of the World,Aginor
The Eye of the World,al’Akir Mandragoran
The Eye of the World,Master al’Dai
The Eye of the World,Mistress al’Donel
The Eye of the World,Aldieb
The Eye of the World,Alene al’Vere
The Eye of the World,Almen Bunt
The Eye of the World,Alpert Mull
The Eye of the World,Alsbet
The Eye of the World,Alsbet Luhhan
The Eye of the World,Mistress Alys
The Eye of the World,Amyrlin Seat
The Eye of the World,Master Andra
The Eye of the World,Anla
The Eye of the World,Ara
The Eye of the World,Arad
The Eye of the World,Aram
The Eye of the World,Elder Arent
The Eye of the World,Arin
The Eye of the World,Artur Hawkwing
The Eye of the World,Artur Paendrag Tanreall
The Eye of the World,Avendesora
The Eye of the World,Avendoraldera
The Eye of the World,Master Avin
The Eye of the World,Master Aydaer
The Eye of the World,Widow Aynal
The Eye of the World,Mistress Aynora
The Eye of the World,Ba’alzamon
The Eye of the World,Bain
The Eye of the World,Balthamel
The Eye of the World,Balwen Ironhand
The Eye of the World,Balwen Mayel
The Eye of the World,Bandry (Ban) Crawe
The Eye of the World,Bartim
The Eye of the World,Basel Gill
The Eye of the World,Bayle Domon
The Eye of the World,Bela
The Eye of the World,Berin
The Eye of the World,Berin Thane
The Eye of the World,Berowyn al’Vere
The Eye of the World,Betrayer of Hope
The Eye of the World,Bili al’Dai
The Eye of the World,Bili Congar
The Eye of the World,Blaes of Matuchin
The Eye of the World,Bodewhin (Bode) Cauthon
The Eye of the World,Brandelwyn (Bran) al’Vere
The Eye of the World,Breen
The Eye of the World,Breyan Mandragoran
The Eye of the World,Mother Brune
The Eye of the World,Buad of Albhain
The Eye of the World,Burn
The Eye of the World,Caar al Thorin al Toren
The Eye of the World,Caar One-Hand
The Eye of the World,Mistress Calder
The Eye of the World,Calle Coplin
The Eye of the World,Cenn Buie
The Eye of the World,Ciel
The Eye of the World,Cilia Cole
The Eye of the World,Cinda
The Eye of the World,Cirri
The Eye of the World,Cloud
The Eye of the World,Master Cole
The Eye of the World,Con Aybara
The Eye of the World,Coramoor
The Eye of the World,Corin Ayellin
The Eye of the World,Cowin Fairheart
The Eye of the World,Cowin Gemallen
The Eye of the World,The Creator
The Eye of the World,Dag Coplin
The Eye of the World,Dai Shan
The Eye of the World,Dain Bornhald
The Eye of the World,Daise Congar
The Eye of the World,Dannil Lewin
The Eye of the World,Dapple
The Eye of the World,Dar
The Eye of the World,Darith
The Eye of the World,Dark One
The Eye of the World,Darl Coplin
The Eye of the World,Daughter-Heir (of Andor)
The Eye of the World,Dav Ayellin
The Eye of the World,Davian
The Eye of the World,Demandred
The Eye of the World,Deselle Aybara
The Eye of the World,Doral Barran
The Eye of the World,The Dragon
The Eye of the World,Dragon Reborn
The Eye of the World,Easar Togita
The Eye of the World,Eazil Forney
The Eye of the World,Egwene al’Vere
The Eye of the World,Elaida do Avriny a’Roihan
The Eye of the World,Elam Dowtry
The Eye of the World,Elan Morin Tedronai
The Eye of the World,Elayne Trakand
The Eye of the World,Eldrene ay Ellan ay Carlan
The Eye of the World,Eldrin Cauthon
The Eye of the World,Elisa al’Vere
The Eye of the World,Ellisande
The Eye of the World,Elmindreda (Min) Farshaw
The Eye of the World,Else Grinwell
The Eye of the World,Elyas Machera
The Eye of the World,Ewal Coplin
The Eye of the World,Eward Candwin
The Eye of the World,Eward Congar
The Eye of the World,Ewin Finngar
The Eye of the World,Farede
The Eye of the World,Father of Lies
The Eye of the World,Master Fitch
The Eye of the World,Floran Gelb
The Eye of the World,Gaidal Cain
The Eye of the World,Galadedrid (Galad) Damodred
The Eye of the World,Gareth Bryne
The Eye of the World,Gawyn Trakand
The Eye of the World,Geofram Bornhald
The Eye of the World,Gilda
The Eye of the World,Grassburner
The Eye of the World,Great Lord of the Dark
The Eye of the World,Green Man
The Eye of the World,Master Grinwell
The Eye of the World,Mistress Grinwell
The Eye of the World,Mother Grubb
The Eye of the World,Guaire Amalasan
The Eye of the World,Halan
The Eye of the World,Elder Haman
The Eye of the World,Haral Luhhan
The Eye of the World,Hari Coplin
The Eye of the World,He Who Comes With the Dawn
The Eye of the World,Heartfang
The Eye of the World,Heartsbane
The Eye of the World,Heran Adan
The Eye of the World,Herot
The Eye of the World,Master Hightower
The Eye of the World,Hopper
The Eye of the World,Howal Gode
The Eye of the World,Hu Barran
The Eye of the World,Hyam Kinch
The Eye of the World,Ila
The Eye of the World,Ilyena Therin Moerelle
The Eye of the World,Ingtar Shinowa
The Eye of the World,Master Inlow
The Eye of the World,Isam Mandragoran
The Eye of the World,Ishamael
The Eye of the World,Jac al’Caar
The Eye of the World,Jaem
The Eye of the World,Jaim
The Eye of the World,Jain Charin
The Eye of the World,Jain Farstrider
The Eye of the World,Jak
The Eye of the World,Jaret Byar
The Eye of the World,Jehaan
The Eye of the World,Jillie Lewin
The Eye of the World,Jon Thane
The Eye of the World,Joslyn Aybara
The Eye of the World,Kari al’Thor
The Eye of the World,Kari Thane
The Eye of the World,Karil
The Eye of the World,Kenley Ahan
The Eye of the World,Kinslayer
The Eye of the World,Lain Mandragoran
The Eye of the World,Laman Damodred
The Eye of the World,Lamgwin Dorn
The Eye of the World,al’Lan Mandragoran
The Eye of the World,Lanfear
The Eye of the World,Lara Ayellan
The Eye of the World,Leafblighter
The Eye of the World,el’Leanna ti Mandragoran
The Eye of the World,Lem Thane
The Eye of the World,Lenn
The Eye of the World,Lews Therin Telamon
The Eye of the World,Lian
The Eye of the World,Lini Eltring
The Eye of the World,Logain Ablar
The Eye of the World,Loial
The Eye of the World,Loise al’Vere
The Eye of the World,Lord of the Dawn
The Eye of the World,Lord of the Grave
The Eye of the World,Lord of the Morning
The Eye of the World,Lothair Mantelar
The Eye of the World,Luc Mantear
The Eye of the World,Machin Shin
The Eye of the World,Mandarb
The Eye of the World,Mara
The Eye of the World,Mari
The Eye of the World,Marin al’Vere
The Eye of the World,Martyn Tallanvor
The Eye of the World,Mashadar
The Eye of the World,Materese
The Eye of the World,Matrim (Mat) Cauthon
The Eye of the World,Mavra Mallen
The Eye of the World,Moiraine Damodred
The Eye of the World,Mordeth
The Eye of the World,Morgase Trakand
The Eye of the World,Mosk
The Eye of the World,Mutch
The Eye of the World,Narg
The Eye of the World,Natti Cauthon
The Eye of the World,Nynaeve al’Meara
The Eye of the World,Oren Dautry
The Eye of the World,Owyn Merrilin
The Eye of the World,Padan Fain
The Eye of the World,Paet al’Caar
The Eye of the World,Paetram (Paet) Aybara
The Eye of the World,Paitr Conel
The Eye of the World,Perrin Aybara
The Eye of the World,Prince of the Morning
The Eye of the World,Promised One
The Eye of the World,Raen
The Eye of the World,Ragan
The Eye of the World,Raimun Holdwin
The Eye of the World,Ramey
The Eye of the World,Rand al’Thor
The Eye of the World,Raolin Darksbane
The Eye of the World,Red
The Eye of the World,Rhea
The Eye of the World,Rogosh Eagle Eye
The Eye of the World,Rogosh of Talmour
The Eye of the World,Rowan Hurn
The Eye of the World,Rulan Allwine
The Eye of the World,Salya
The Eye of the World,Samel Crawe
The Eye of the World,Saml Hake
The Eye of the World,Sara
The Eye of the World,Darling Sara
The Eye of the World,Scratch
The Eye of the World,Semirhage
The Eye of the World,Shadowman
The Eye of the World,Shai’tan
The Great Hunt,Adeleas Namelle
The Great Hunt,Aedwin Cole
The Great Hunt,Agelmar Jagad
The Great Hunt,Aginor
The Great Hunt,Alaine Chuliandred
The Great Hunt,Alanna Mosvani
The Great Hunt,Elder Alar
The Great Hunt,Aldieb
The Great Hunt,Aldrin Caldevwin
The Great Hunt,Alric
The Great Hunt,Alsbet Luhhan
The Great Hunt,Aludra
The Great Hunt,Alviarin Freidhen
The Great Hunt,Alwhin
The Great Hunt,Alwyn al’Van
The Great Hunt,Amalisa Jagad
The Great Hunt,Amyrlin Seat
The Great Hunt,Anaiya
The Great Hunt,Anla
The Great Hunt,Arent
The Great Hunt,Arilyn Dhulaine
The Great Hunt,Artur Hawking
The Great Hunt,Artur Hawkwing
The Great Hunt,Artur Paendrag Tanreall
The Great Hunt,Asan Sandair
The Great Hunt,Ashin
The Great Hunt,Atuan
The Great Hunt,Avendesora
The Great Hunt,Ba’alzamon
The Great Hunt,Barin Madwen
The Great Hunt,Barthanes Damodred
The Great Hunt,Basel Gill
The Great Hunt,Bayle Domon
The Great Hunt,Bela
The Great Hunt,Belevaere Osiellin
The Great Hunt,Betrayer of Hope
The Great Hunt,Bili
The Great Hunt,Birgitte
The Great Hunt,Blaes of Matuchin
The Great Hunt,Bonwhin Meraighdin
The Great Hunt,Bors
The Great Hunt,Brandelwyn (Bran) al’Vere
The Great Hunt,Breane Taborwin
The Great Hunt,Breyan Mandragoran
The Great Hunt,Caban
The Great Hunt,Mother Caredwain
The Great Hunt,Carlinya
The Great Hunt,Carn
The Great Hunt,Catrine
The Great Hunt,Cenn Buie
The Great Hunt,Changu
The Great Hunt,Coramoor
The Great Hunt,Corin Ayellin
The Great Hunt,The Creator
The Great Hunt,Cuale
The Great Hunt,Dain Bornhald
The Great Hunt,Dalar
The Great Hunt,Dark One
The Great Hunt,Daughter of the Night
The Great Hunt,Daughter-Heir (of Andor)
The Great Hunt,Davian
The Great Hunt,Deain
The Great Hunt,Dena
The Great Hunt,The Dragon
The Great Hunt,Dragon Reborn
The Great Hunt,Dunsinin
The Great Hunt,Eamon Valda
The Great Hunt,Child Earwin
The Great Hunt,Easar Togita
The Great Hunt,Egeanin Elidar
The Great Hunt,Egwene al’Vere
The Great Hunt,Einor Saren
The Great Hunt,Elaida do Avriny a’Roihan
The Great Hunt,Elansu
The Great Hunt,Elayne Trakand
The Great Hunt,Ella
The Great Hunt,Ellaine Marise’idin Alshinn
The Great Hunt,Ellisande
The Great Hunt,Elmindreda (Min) Farshaw
The Great Hunt,Elnore al’Meara
The Great Hunt,Elnore Mandragoran
The Great Hunt,Elricain Tavolin
The Great Hunt,Else Grinwell
The Great Hunt,Elyas Machera
The Great Hunt,The Empress (of Seanchan)
The Great Hunt,Erith
The Great Hunt,Father of Lies
The Great Hunt,Master Fitch
The Great Hunt,Gaidal Cain
The Great Hunt,Galadedrid (Galad) Damodred
The Great Hunt,Galldrian Riatin
The Great Hunt,Gareth Bryne
The Great Hunt,Gareth Byrne
The Great Hunt,Gawyn Trakand
The Great Hunt,Geofram Bornhald
The Great Hunt,Gitara Moroso
The Great Hunt,Grassburner
The Great Hunt,Great Lord of the Dark
The Great Hunt,Guaire Amalasan
The Great Hunt,Halan
The Great Hunt,Elder Haman
The Great Hunt,The Hammer (of the Light)
The Great Hunt,Haral Luhhan
The Great Hunt,He Who Comes With the Dawn
The Great Hunt,He Whose Name Must Not Be Uttered
The Great Hunt,Heartfang
The Great Hunt,Heartsbane
The Great Hunt,Huan Aladon
The Great Hunt,Huon
The Great Hunt,Hurin
The Great Hunt,Ilyena Therin Moerelle
The Great Hunt,Ingtar Shinowa
The Great Hunt,Irella
The Great Hunt,Isam Mandragoran
The Great Hunt,Ishamael
The Great Hunt,Iva
The Great Hunt,Ivon
The Great Hunt,Jaem
The Great Hunt,Jaichim Carridin
The Great Hunt,Jain Farstrider
The Great Hunt,Jak o’ the Wisps
The Great Hunt,Jaret Byar
The Great Hunt,Child Jeral
The Great Hunt,Jon Thane
The Great Hunt,Juin
The Great Hunt,Kajin
The Great Hunt,Kari al’Thor
The Great Hunt,Keeper of the Chronicles
The Great Hunt,Kinslayer
The Great Hunt,Lacel
The Great Hunt,Lain Mandragoran
The Great Hunt,Laman Damodred
The Great Hunt,al’Lan Mandragoran
The Great Hunt,Lanfear
The Great Hunt,Laud
The Great Hunt,Leafblighter
The Great Hunt,Leane Sharif
The Great Hunt,Lenn
The Great Hunt,Lews Therin Telamon
The Great Hunt,Liandrin
The Great Hunt,Lidan
The Great Hunt,Lini Eltring
The Great Hunt,Logain Ablar
The Great Hunt,Loial
The Great Hunt,Long Tooth
The Great Hunt,Lord of the Dawn
The Great Hunt,Lord of the Grave
The Great Hunt,Lothair Mantelar
The Great Hunt,Luc Mantear
The Great Hunt,Luthair Paendrag Mondwhin
The Great Hunt,Machin Shin
The Great Hunt,Maglin Madwen
The Great Hunt,Maigan
The Great Hunt,Malena Aylar
The Great Hunt,Mandarb
The Great Hunt,Mara
The Great Hunt,Maric Mandragoran
The Great Hunt,Marin al’Vere
The Great Hunt,Marisa Ayellin
The Great Hunt,Marith Riven
The Great Hunt,Masema Dagar
The Great Hunt,Matrim (Mat) Cauthon
The Great Hunt,Matt
The Great Hunt,Mavra Mallen
The Great Hunt,Mazrim Taim
The Great Hunt,Melia
The Great Hunt,Michael
The Great Hunt,Mikel of the Pure Heart
The Great Hunt,Goodwife Mili
The Great Hunt,Mistress of Novices
The Great Hunt,Moiraine Damodred
The Great Hunt,Mordeth
The Great Hunt,Morgase Trakand
The Great Hunt,Muadh
The Great Hunt,Mulaen
The Great Hunt,Myrelle Berengari
The Great Hunt,Nela al’Caar
The Great Hunt,Neysa Ayellin
The Great Hunt,Nidao
The Great Hunt,Nieda Sidoro
The Great Hunt,Lady Nisura
The Great Hunt,Nynaeve al’Meara
The Great Hunt,Old Jak
The Great Hunt,Oscar
The Great Hunt,Otarin
The Great Hunt,Owyn Merrilin
The Great Hunt,Padan Fain
The Great Hunt,Master Padwhin
The Great Hunt,Paedrig
The Great Hunt,Paet al’Caar
The Great Hunt,Patrick
The Great Hunt,Pedra
The Great Hunt,Pedron Niall
The Great Hunt,Perrin Aybara
The Great Hunt,Goodman Priket
The Great Hunt,Prince of the Morning
The Great Hunt,Promised One
The Great Hunt,Pura
The Great Hunt,Ragan
The Great Hunt,Rand al’Thor
The Great Hunt,Raolin Darksbane
The Great Hunt,Raud
The Great Hunt,Red
The Great Hunt,Renna Emain
The Great Hunt,Rhian
The Great Hunt,Rogosh Eagle Eye
The Great Hunt,Ronan
The Great Hunt,Ryma Galfrey
The Great Hunt,Santhra
The Great Hunt,Seaghan
The Great Hunt,Selene
The Great Hunt,Serafelle
The Great Hunt,Seta Zarbey
The Great Hunt,Shadowkiller
The Great Hunt,Shai’tan
The Great Hunt,Sharina Melloy
The Great Hunt,Shepherd of the Night
The Great Hunt,Sheriam Bayanar
The Great Hunt,Sightblinder
The Great Hunt,Siuan Sanche
The Great Hunt,Smoke
The Great Hunt,Suroth Sabelle Meldarath
The Great Hunt,Susa
The Great Hunt,Takima
The Great Hunt,Tamlin (Tam) al’Thor
The Great Hunt,Tammuz
The Great Hunt,Taringail Damodred
The Great Hunt,Tarlomen
The Great Hunt,Tarwin
The Great Hunt,Tema
The Great Hunt,Tetsuan
The Great Hunt,Teva
The Great Hunt,Teven Aerwin
The Great Hunt,Thomdril (Thom) Merrilin
The Great Hunt,Mistress Tiedra
The Great Hunt,Tigraine Mantear
The Great Hunt,Timora
The Great Hunt,Tomas
The Great Hunt,Trayal
The Great Hunt,Tuli
The Great Hunt,Tuon Athaem Kore Paendrag
The Great Hunt,Turak Aladon
The Great Hunt,Two Deer
The Great Hunt,Uno Nomesta
The Great Hunt,Urien
The Great Hunt,Vandene Namelle
The Great Hunt,Verin Mathwin
The Great Hunt,Whatley (What) Eldin
The Great Hunt,Winter Dawn
The Great Hunt,Child Wuan
The Great Hunt,Yarin Maeldan
The Great Hunt,Young Bull
The Great Hunt,Yurian Stonebow
The Great Hunt,Zaired Elbar
The Great Hunt,Zera
The Dragon Reborn,Abell Cauthon
The Dragon Reborn,Captain Adden
The Dragon Reborn,Adine Canford
The Dragon Reborn,Agelmar Jagad
The Dragon Reborn,Ailhuin Guenna
The Dragon Reborn,Alanna Mosvani
The Dragon Reborn,Aldieb
The Dragon Reborn,Aleria Elffin
The Dragon Reborn,Alsbet Luhhan
The Dragon Reborn,Aludra
The Dragon Reborn,Alviarin Freidhen
The Dragon Reborn,Mistress Alys
The Dragon Reborn,Amico Nagoyin
The Dragon Reborn,Amyrlin Seat
The Dragon Reborn,Amys
The Dragon Reborn,Anaiya
The Dragon Reborn,Master Andra
The Dragon Reborn,Arent
The Dragon Reborn,Aried
The Dragon Reborn,Artur Hawkwing
The Dragon Reborn,Artur Paendrag Tanreall
The Dragon Reborn,Asmodean
The Dragon Reborn,Atuan Larisett
The Dragon Reborn,Avendesora
The Dragon Reborn,Avendoraldera
The Dragon Reborn,Aviendha
The Dragon Reborn,Mistress Aynora
The Dragon Reborn,Ba’alzamon
The Dragon Reborn,Bain
The Dragon Reborn,Bair
The Dragon Reborn,Banas
The Dragon Reborn,Basel Gill
The Dragon Reborn,Be’lal
The Dragon Reborn,Bela
The Dragon Reborn,Beldeine Nyram
The Dragon Reborn,Bennae Nalsad
The Dragon Reborn,Berelain sur Paendrag Paeron
The Dragon Reborn,Betrayer of Hope
The Dragon Reborn,Bili
The Dragon Reborn,Boanne
The Dragon Reborn,Brandelwyn (Bran) al’Vere
The Dragon Reborn,Lord Brend
The Dragon Reborn,Brendas
The Dragon Reborn,Captain Canin
The Dragon Reborn,Mistress Caryla
The Dragon Reborn,Cavan Lopar
The Dragon Reborn,Chesmal Emry
The Dragon Reborn,Chiad
The Dragon Reborn,Chin Ellisor
The Dragon Reborn,Coiam
The Dragon Reborn,Coke
The Dragon Reborn,Coline
The Dragon Reborn,Lord Comar
The Dragon Reborn,Cook
The Dragon Reborn,Coram
The Dragon Reborn,Corianin Nedeal
The Dragon Reborn,Coulin
The Dragon Reborn,The Creator
The Dragon Reborn,Dailin
The Dragon Reborn,Dain Bornhald
The Dragon Reborn,Dark One
The Dragon Reborn,Darlin Sisnera
The Dragon Reborn,Daughter-Heir (of Andor)
The Dragon Reborn,Davian
The Dragon Reborn,Dena
The Dragon Reborn,Dermid Ajala
The Dragon Reborn,Captain Derne
The Dragon Reborn,Dhael
The Dragon Reborn,Doral Barran
The Dragon Reborn,The Dragon
The Dragon Reborn,Dragon Reborn
The Dragon Reborn,Dyelin Taravin
The Dragon Reborn,Eamon Valda
The Dragon Reborn,Easar Togita
The Dragon Reborn,Egwene al’Vere
The Dragon Reborn,Elaida do Avriny a’Roihan
The Dragon Reborn,Elayne Trakand
The Dragon Reborn,Elber
The Dragon Reborn,Elmindreda (Min) Farshaw
The Dragon Reborn,Else Grinwell
The Dragon Reborn,Elyas Machera
The Dragon Reborn,Faile Bashere
The Dragon Reborn,Faolain Orande
The Dragon Reborn,Father of Lies
The Dragon Reborn,Lord Gaebril
The Dragon Reborn,Gaidin
The Dragon Reborn,Gainor Furlan
The Dragon Reborn,Galadedrid (Galad) Damodred
The Dragon Reborn,Galldrian Riatin
The Dragon Reborn,Lord Gann
The Dragon Reborn,Gareth Bryne
The Dragon Reborn,Gaul
The Dragon Reborn,Gawyn Trakand
The Dragon Reborn,Geofram Bornhald
The Dragon Reborn,Gilda
The Dragon Reborn,Grassburner
The Dragon Reborn,Great Lord of the Dark
The Dragon Reborn,Guaire Amalasan
The Dragon Reborn,Gyldan
The Dragon Reborn,Halan
The Dragon Reborn,Hamada
The Dragon Reborn,Hammar
The Dragon Reborn,Haral Luhhan
The Dragon Reborn,Harilin
The Dragon Reborn,Harod
The Dragon Reborn,He Who Comes With the Dawn
The Dragon Reborn,Heartfang
The Dragon Reborn,Heartsbane
The Dragon Reborn,Hopper
The Dragon Reborn,Huan
The Dragon Reborn,Huan Mallia
The Dragon Reborn,Hurin
The Dragon Reborn,Ilyena Therin Moerelle
The Dragon Reborn,Ishamael
The Dragon Reborn,Jaichim Carridin
The Dragon Reborn,Jaim Adarra
The Dragon Reborn,Jaim Dawtry
The Dragon Reborn,Jaim Farstrider
The Dragon Reborn,Jain Farstrider
The Dragon Reborn,Jalanda
The Dragon Reborn,Jaret Byar
The Dragon Reborn,Jearom
The Dragon Reborn,Jeral Florry
The Dragon Reborn,Joiya al’Thor
The Dragon Reborn,Joiya Byir
The Dragon Reborn,Jolien
The Dragon Reborn,Jon
The Dragon Reborn,Jorath
The Dragon Reborn,Mistress Joslyn
The Dragon Reborn,Juendan
The Dragon Reborn,Juilin Sandar
The Dragon Reborn,Jurah Haret
The Dragon Reborn,Jurith Dorine
The Dragon Reborn,Kadar
The Dragon Reborn,Kari al’Thor
The Dragon Reborn,Keeper of the Chronicles
The Dragon Reborn,Kinslayer
The Dragon Reborn,Laman Damodred
The Dragon Reborn,al’Lan Mandragoran
The Dragon Reborn,Lanfear
The Dragon Reborn,Laras
The Dragon Reborn,Leafblighter
The Dragon Reborn,Leane Sharif
The Dragon Reborn,Mother Leich
The Dragon Reborn,Leuese Mulan
The Dragon Reborn,Lews Therin Telamon
The Dragon Reborn,Leya
The Dragon Reborn,Liandrin
The Dragon Reborn,Lion
The Dragon Reborn,Logain Ablar
The Dragon Reborn,Loial
The Dragon Reborn,Lord of the Grave
The Dragon Reborn,Lord of the Twilight
The Dragon Reborn,Lothair Mantelar
The Dragon Reborn,Luaine
The Dragon Reborn,Luc Mantear
The Dragon Reborn,Mada
The Dragon Reborn,King Madel
The Dragon Reborn,Mandarb
The Dragon Reborn,Mandarb
The Dragon Reborn,Mara
The Dragon Reborn,Mistress Mari
The Dragon Reborn,Marin al’Vere
The Dragon Reborn,Marrilin Gemalphin
The Dragon Reborn,Marris Thornhill
The Dragon Reborn,Martyn Tallanvor
The Dragon Reborn,Mistress Maryim
The Dragon Reborn,Masema Dagar
The Dragon Reborn,Masuto
The Dragon Reborn,Matrim (Mat) Cauthon
The Dragon Reborn,Mazrim Taim
The Dragon Reborn,Melaine
The Dragon Reborn,Mist
The Dragon Reborn,Mistress of Novices
The Dragon Reborn,Queen Modrellein
The Dragon Reborn,Moilin
The Dragon Reborn,Moiraine Damodred
The Dragon Reborn,Moonhunter
The Dragon Reborn,Morgase Trakand
The Dragon Reborn,Morning Mist
The Dragon Reborn,Myrelle Berengari
The Dragon Reborn,Nico
The Dragon Reborn,Nieda Sidoro
The Dragon Reborn,Noam
The Dragon Reborn,Nynaeve al’Meara
The Dragon Reborn,Old Grim
The Dragon Reborn,Orander
The Dragon Reborn,Lord Orban
The Dragon Reborn,Ordeith
The Dragon Reborn,Patrim
The Dragon Reborn,Pedron Niall
The Dragon Reborn,Perrin Aybara
The Dragon Reborn,Piesa
The Dragon Reborn,Raab
The Dragon Reborn,Ragan
The Dragon Reborn,Rahvin
The Dragon Reborn,Ramey
The Dragon Reborn,Rand al’Thor
The Dragon Reborn,Raolin Darksbane
The Dragon Reborn,Rhuarc
The Dragon Reborn,Rianna Andomeran
The Dragon Reborn,Rilith
The Dragon Reborn,Rogosh Eagle Eye
The Dragon Reborn,Mother Roon
The Dragon Reborn,Rosel of Essam
The Dragon Reborn,Saal
The Dragon Reborn,Sammael
The Dragon Reborn,High Lord Samon
The Dragon Reborn,Sanor
The Dragon Reborn,Sarien
The Dragon Reborn,Seana
The Dragon Reborn,Selene
The Dragon Reborn,Serafelle
The Dragon Reborn,Shai’tan
The Dragon Reborn,Sharbon
The Dragon Reborn,Shepherd of the Night
The Dragon Reborn,Sheriam Bayanar
The Dragon Reborn,Sightblinder
The Dragon Reborn,Silvie
The Dragon Reborn,Simion
The Dragon Reborn,Siuan Sanche
The Dragon Reborn,Soulsbane
The Dragon Reborn,Stepper
The Dragon Reborn,Tamlin (Tam) al’Thor
The Dragon Reborn,Tammuz
The Dragon Reborn,Taringail Damodred
The Dragon Reborn,Theodrin Dabei
The Dragon Reborn,Thom Grinwell
The Dragon Reborn,Thomdril (Thom) Merrilin
The Dragon Reborn,Tigraine Mantear
The Dragon Reborn,Uno Nomesta
The Dragon Reborn,Vasa
The Dragon Reborn,Verin Mathwin
The Dragon Reborn,Willim of Manaches
The Dragon Reborn,Wormwood
The Dragon Reborn,Young Bull
The Dragon Reborn,Yurian Stonebow
The Dragon Reborn,Zarine Bashere
